,SaleDate,Vessel,Price,YearBuilt,Age.at.Sale,DWT,Capesize,AgeAtSaleDifference,AgeAtSaleWeightRange,AgeAtSaleWeightDifference,DWTDifference,DWTWeightRange,DWTWeight,CapeSizeDifference,CapeSizeWeight,TotalWeight,CapeSizeWeightRange33,7-Nov,Sumihou,106,1996,11,171.1,9663,0,0,0,0.6,0.01,0,9037,0.23,0.23,0.6445,8-Mar,Cape Sun,135,1999,9,171.7,11193,2,0.13,0.1,0,0,0,7507,0.19,0.29,0.5322,7-May,Ingenious,64.2,1996,11,170,6201,0,0,0,1.7,0.02,0.01,12499,0.31,0.32,0.8920,7-May,Zorbas II,86,1996,11,174.5,6201,0,0,0,2.8,0.04,0.02,12499,0.31,0.33,0.8921,7-May,Fertilia,50.5,1997,10,172.6,6201,1,0.07,0.05,0.9,0.01,0.01,12499,0.31,0.37,0.8910,7-Mar,Zorbas,70,1996,11,165.1,5245,0,0,0,6.6,0.09,0.05,13455,0.34,0.39,0.9647,8-May,Cape Falcon,87.2,1993,15,161.5,12479,4,0.27,0.21,10.2,0.14,0.07,6221,0.16,0.44,0.4429,7-Oct,Tiger Lily,90,1995,12,149.2,8886,1,0.07,0.05,22.5,0.31,0.16,9814,0.25,0.46,0.79,7-Mar,Johnny K,65,1994,13,165.3,5245,2,0.13,0.1,6.4,0.09,0.04,13455,0.34,0.48,0.9612,7-Mar,Martha Verity,63,1995,12,158,5245,1,0.07,0.05,13.7,0.19,0.1,13455,0.34,0.49,0.964,7-Jan,Martha Verity,60,1995,12,158,4647,1,0.07,0.05,13.7,0.19,0.1,14053,0.35,0.5,134,7-Nov,Gran Trader,152,2001,6,172.6,9663,5,0.33,0.26,0.9,0.01,0.01,9037,0.23,0.5,0.641,7-Jan,Lowlands Beilun,73,1999,8,170.2,4647,3,0.2,0.16,1.5,0.02,0.01,14053,0.35,0.52,16,7-Feb,Pantelis SP,83,1999,8,169.9,4878,3,0.2,0.16,1.8,0.02,0.01,13822,0.35,0.52,0.9817,7-Apr,Formosabulk Allstart,67,1995,12,150.4,5752,1,0.07,0.05,21.3,0.29,0.15,12948,0.32,0.52,0.925,7-Jan,TMT TBN,61.3,1993,14,174.7,4647,3,0.2,0.16,3,0.04,0.02,14053,0.35,0.53,13,7-Jan,Spring Brave,62,1995,12,151.1,4647,1,0.07,0.05,20.6,0.28,0.14,14053,0.35,0.54,135,7-Nov,Netadola,97,1993,14,149.5,9663,3,0.2,0.16,22.2,0.3,0.16,9037,0.23,0.55,0.6416,7-Apr,Nautical Dream,63.5,1994,13,151.4,5752,2,0.13,0.1,20.3,0.28,0.14,12948,0.32,0.56,0.9223,7-Jun,Anangel Dawn,67,1994,13,149.3,6618,2,0.13,0.1,22.4,0.31,0.16,12082,0.3,0.56,0.8626,7-Jul,Gran Trader,105,2001,6,172.5,6980,5,0.33,0.26,0.8,0.01,0.01,11720,0.29,0.56,0.8346,8-Apr,Nightflight,158,2004,4,170,11614,7,0.47,0.37,1.7,0.02,0.01,7086,0.18,0.56,0.518,7-Apr,Arimathian,62,1994,13,149.8,5752,2,0.13,0.1,21.9,0.3,0.15,12948,0.32,0.57,0.9214,7-Apr,Formosabulk Brave,95,2001,6,170.1,5752,5,0.33,0.26,1.6,0.02,0.01,12948,0.32,0.59,0.9215,7-Apr,Formosabulk Clement,95,2001,6,170.1,5752,5,0.33,0.26,1.6,0.02,0.01,12948,0.32,0.59,0.9241,8-Jan,Jin Tai,155,2004,4,173.9,10526,7,0.47,0.37,2.2,0.03,0.02,8174,0.2,0.59,0.5840,8-Jan,Sinfonia,83.7,1991,17,184.4,10526,6,0.4,0.31,12.7,0.17,0.09,8174,0.2,0.6,0.5837,7-Nov,Captain Vangelis L,87.5,1992,15,148.2,9663,4,0.27,0.21,23.5,0.32,0.17,9037,0.23,0.61,0.6428,7-Sep,Thalassini Kyra,133,2002,5,164.2,8181,6,0.4,0.31,7.5,0.1,0.05,10519,0.26,0.62,0.7548,8-May,Castle Peak,82,1990,18,145.4,12479,7,0.47,0.37,26.3,0.36,0.18,6221,0.16,0.71,0.442,7-Jan,CHS Moon,45,1991,16,150.2,4647,5,0.33,0.26,21.5,0.29,0.15,14053,0.35,0.76,18,7-Mar,Cape Kassos,100,2004,3,170,5245,8,0.53,0.42,1.7,0.02,0.01,13455,0.34,0.77,0.9638,7-Dec,Voutakos,78,1987,20,188.3,10299,9,0.6,0.47,16.6,0.23,0.12,8401,0.21,0.8,0.67,7-Feb,Amazon,45,1990,17,149.5,4878,6,0.4,0.31,22.2,0.3,0.16,13822,0.35,0.82,0.9843,8-Mar,Desimi,83,1989,19,207.1,11193,8,0.53,0.42,35.4,0.48,0.25,7507,0.19,0.86,0.5332,7-Oct,Peace Glory,57,1984,23,166.1,8886,12,0.8,0.63,5.6,0.08,0.04,9814,0.25,0.92,0.742,8-Feb,Dias,58,1988,20,135,10844,9,0.6,0.47,36.7,0.5,0.26,7856,0.2,0.93,0.5631,7-Oct,Marine Hunter,45,1984,23,164.5,8886,12,0.8,0.63,7.2,0.1,0.05,9814,0.25,0.93,0.730,7-Oct,Dong-A-Helios,47,1986,21,146.9,8886,10,0.67,0.52,24.8,0.34,0.17,9814,0.25,0.94,0.711,7-Mar,Americana,33,1987,20,149,5245,9,0.6,0.47,22.7,0.31,0.16,13455,0.34,0.97,0.9613,7-Mar,Ullswater,43,1990,17,123.5,5245,6,0.4,0.31,48.2,0.66,0.34,13455,0.34,0.99,0.9624,7-Jun,Orient Fortune,28,1984,23,161.4,6618,12,0.8,0.63,10.3,0.14,0.07,12082,0.3,1,0.8636,7-Nov,Nordstar,38,1983,24,150.7,9663,13,0.87,0.68,21,0.29,0.15,9037,0.23,1.06,0.6425,7-Jul,Great Moon,30,1984,23,146,6980,12,0.8,0.63,25.7,0.35,0.18,11720,0.29,1.1,0.8319,7-Apr,Boss,31,1985,22,139.8,5752,11,0.73,0.58,31.9,0.44,0.22,12948,0.32,1.12,0.9244,8-Mar,Samos,25,1982,26,137,11193,15,1,0.79,34.7,0.47,0.24,7507,0.19,1.22,0.5339,7-Dec,Sachuest,35,1986,21,98.4,10299,10,0.67,0.52,73.3,1,0.51,8401,0.21,1.24,0.627,7-Aug,Cape Brazil,22,1981,26,140.8,7441,15,1,0.79,30.9,0.42,0.22,11259,0.28,1.29,0.8